เว็บไซต์,ชื่อบ้าน,รหัส,เดือน,วันที่,สถานะ
Deville Groups,Brittany Poolvilla 3,DV-2606,มกราคม 2569,24,ติดจอง
Deville Groups,Brittany Poolvilla 3,DV-2606,มีนาคม 2569,3,ติดจอง
Deville Groups,Brittany Poolvilla 3,DV-2606,มีนาคม 2569,4,ติดจอง
Deville Groups,Brittany Poolvilla 4,DV-2607,มกราคม 2569,24,ติดจอง
Deville Groups,Brittany Poolvilla 4,DV-2607,กุมภาพันธ์ 2569,13,ติดจอง
Deville Groups,Brittany Poolvilla 4,DV-2607,กุมภาพันธ์ 2569,14,ติดจอง
Deville Groups,Brittany Poolvilla 4,DV-2607,กุมภาพันธ์ 2569,24,ติดจอง
Deville Groups,Brittany Poolvilla 4,DV-2607,กุมภาพันธ์ 2569,25,ติดจอง
Deville Groups,Brittany Poolvilla 4,DV-2607,กุมภาพันธ์ 2569,26,ติดจอง
Deville Groups,Brittany Poolvilla 4,DV-2607,มีนาคม 2569,10,ติดจอง
Deville Groups,Brittany Poolvilla 4,DV-2607,มีนาคม 2569,11,ติดจอง
Deville Groups,Brittany Poolvilla 4,DV-2607,เมษายน 2569,11,ติดจอง
Deville Groups,Brittany Poolvilla 5,DV-2612,มกราคม 2569,24,ติดจอง
Deville Groups,Brittany Poolvilla 5,DV-2612,กุมภาพันธ์ 2569,13,ติดจอง
Deville Groups,Brittany Poolvilla 5,DV-2612,กุมภาพันธ์ 2569,14,ติดจอง
Deville Groups,Mountain Bangsean A1,DV-2384,มกราคม 2569,23,ติดจอง
Deville Groups,Mountain Bangsean A1,DV-2384,มกราคม 2569,24,ติดจอง
Deville Groups,Mountain Bangsean A1,DV-2384,มกราคม 2569,26,ติดจอง
Deville Groups,Mountain Bangsean A1,DV-2384,มกราคม 2569,28,ติดจอง
Deville Groups,Mountain Bangsean A1,DV-2384,มกราคม 2569,29,ติดจอง
Deville Groups,Mountain Bangsean A1,DV-2384,มกราคม 2569,31,ติดจอง
Deville Groups,Mountain Bangsean A1,DV-2384,กุมภาพันธ์ 2569,5,ติดจอง
Deville Groups,Mountain Bangsean A1,DV-2384,กุมภาพันธ์ 2569,7,ติดจอง
Deville Groups,Mountain Bangsean A1,DV-2384,กุมภาพันธ์ 2569,11,ติดจอง
Deville Groups,Mountain Bangsean A1,DV-2384,กุมภาพันธ์ 2569,12,ติดจอง
Deville Groups,Mountain Bangsean A1,DV-2384,กุมภาพันธ์ 2569,14,ติดจอง
Deville Groups,Mountain Bangsean A1,DV-2384,กุมภาพันธ์ 2569,20,ติดจอง
Deville Groups,Mountain Bangsean A1,DV-2384,กุมภาพันธ์ 2569,21,ติดจอง
Deville Groups,Mountain Bangsean A1,DV-2384,กุมภาพันธ์ 2569,28,ติดจอง
Deville Groups,Mountain Bangsean A1,DV-2384,มีนาคม 2569,7,ติดจอง
Deville Groups,Mountain Bangsean A1,DV-2384,มีนาคม 2569,14,ติดจอง
Deville Groups,Mountain Bangsean A1,DV-2384,มีนาคม 2569,16,ติดจอง
Deville Groups,Mountain Bangsean A1,DV-2384,มีนาคม 2569,21,ติดจอง
Deville Groups,Mountain Bangsean A1,DV-2384,มีนาคม 2569,28,ติดจอง
Deville Groups,Mountain Bangsean A1,DV-2384,เมษายน 2569,4,ติดจอง
Deville Groups,Mountain Bangsean A1,DV-2384,เมษายน 2569,5,ติดจอง
Deville Groups,Mountain Bangsean A1,DV-2384,เมษายน 2569,11,ติดจอง
Deville Groups,Mountain Bangsean A1,DV-2384,เมษายน 2569,18,ติดจอง
Deville Groups,Mountain Bangsean A1,DV-2384,เมษายน 2569,25,ติดจอง
Deville Groups,Mountain Bangsean A1,DV-2384,พฤษภาคม 2569,2,ติดจอง
Deville Groups,Mountain Bangsean A1,DV-2384,พฤษภาคม 2569,9,ติดจอง
Deville Groups,Mountain Bangsean A1,DV-2384,พฤษภาคม 2569,16,ติดจอง
Deville Groups,Mountain Bangsean A1,DV-2384,พฤษภาคม 2569,23,ติดจอง
Deville Groups,Mountain Bangsean A1,DV-2384,พฤษภาคม 2569,30,ติดจอง
Deville Groups,Tuscany Bangsean T1,DV-2385,มกราคม 2569,23,ติดจอง
Deville Groups,Tuscany Bangsean T1,DV-2385,มกราคม 2569,24,ติดจอง
Deville Groups,Tuscany Bangsean T1,DV-2385,มกราคม 2569,30,ติดจอง
Deville Groups,Tuscany Bangsean T1,DV-2385,มกราคม 2569,31,ติดจอง
Deville Groups,Tuscany Bangsean T1,DV-2385,กุมภาพันธ์ 2569,7,ติดจอง
Deville Groups,Tuscany Bangsean T1,DV-2385,กุมภาพันธ์ 2569,14,ติดจอง
Deville Groups,Tuscany Bangsean T1,DV-2385,กุมภาพันธ์ 2569,16,ติดจอง
Deville Groups,Tuscany Bangsean T1,DV-2385,กุมภาพันธ์ 2569,17,ติดจอง
Deville Groups,Tuscany Bangsean T1,DV-2385,กุมภาพันธ์ 2569,21,ติดจอง
Deville Groups,Tuscany Bangsean T1,DV-2385,กุมภาพันธ์ 2569,28,ติดจอง
Deville Groups,Tuscany Bangsean T1,DV-2385,มีนาคม 2569,7,ติดจอง
Deville Groups,Tuscany Bangsean T1,DV-2385,มีนาคม 2569,14,ติดจอง
Deville Groups,Tuscany Bangsean T1,DV-2385,มีนาคม 2569,21,ติดจอง
Deville Groups,Tuscany Bangsean T1,DV-2385,มีนาคม 2569,28,ติดจอง
Deville Groups,Tuscany Bangsean T1,DV-2385,เมษายน 2569,4,ติดจอง
Deville Groups,Tuscany Bangsean T1,DV-2385,เมษายน 2569,11,ติดจอง
Deville Groups,Tuscany Bangsean T1,DV-2385,เมษายน 2569,18,ติดจอง
Deville Groups,Tuscany Bangsean T1,DV-2385,เมษายน 2569,25,ติดจอง
Deville Groups,Tuscany Bangsean T1,DV-2385,พฤษภาคม 2569,2,ติดจอง
Deville Groups,Tuscany Bangsean T1,DV-2385,พฤษภาคม 2569,9,ติดจอง
Deville Groups,Tuscany Bangsean T1,DV-2385,พฤษภาคม 2569,16,ติดจอง
Deville Groups,Tuscany Bangsean T1,DV-2385,พฤษภาคม 2569,23,ติดจอง
Deville Groups,Tuscany Bangsean T1,DV-2385,พฤษภาคม 2569,30,ติดจอง
Deville Groups,Medina Pool villa M3,DV-2660,มกราคม 2569,23,ติดจอง
Deville Groups,Medina Pool villa M3,DV-2660,มกราคม 2569,24,ติดจอง
Deville Groups,Medina Pool villa M3,DV-2660,มกราคม 2569,26,ติดจอง
Deville Groups,Medina Pool villa M3,DV-2660,มกราคม 2569,27,ติดจอง
Deville Groups,Medina Pool villa M3,DV-2660,มกราคม 2569,28,ติดจอง
Deville Groups,Medina Pool villa M3,DV-2660,มกราคม 2569,30,ติดจอง
Deville Groups,Medina Pool villa M3,DV-2660,มกราคม 2569,31,ติดจอง
Deville Groups,Medina Pool villa M3,DV-2660,กุมภาพันธ์ 2569,7,ติดจอง
Deville Groups,Medina Pool villa M3,DV-2660,กุมภาพันธ์ 2569,13,ติดจอง
Deville Groups,Medina Pool villa M3,DV-2660,กุมภาพันธ์ 2569,14,ติดจอง
Deville Groups,Medina Pool villa M3,DV-2660,กุมภาพันธ์ 2569,18,ติดจอง
Deville Groups,Medina Pool villa M3,DV-2660,กุมภาพันธ์ 2569,21,ติดจอง
Deville Groups,Medina Pool villa M3,DV-2660,กุมภาพันธ์ 2569,28,ติดจอง
Deville Groups,Medina Pool villa M3,DV-2660,มีนาคม 2569,7,ติดจอง
Deville Groups,Medina Pool villa M3,DV-2660,มีนาคม 2569,14,ติดจอง
Deville Groups,Medina Pool villa M3,DV-2660,มีนาคม 2569,20,ติดจอง
Deville Groups,Medina Pool villa M3,DV-2660,มีนาคม 2569,21,ติดจอง
Deville Groups,Medina Pool villa M3,DV-2660,มีนาคม 2569,28,ติดจอง
Deville Groups,Medina Pool villa M3,DV-2660,มีนาคม 2569,29,ติดจอง
Deville Groups,Medina Pool villa M3,DV-2660,เมษายน 2569,4,ติดจอง
Deville Groups,Medina Pool villa M3,DV-2660,เมษายน 2569,11,ติดจอง
Deville Groups,Medina Pool villa M3,DV-2660,เมษายน 2569,18,ติดจอง
Deville Groups,Medina Pool villa M3,DV-2660,เมษายน 2569,25,ติดจอง
Deville Groups,Medina Pool villa M3,DV-2660,พฤษภาคม 2569,2,ติดจอง
Deville Groups,Medina Pool villa M3,DV-2660,พฤษภาคม 2569,9,ติดจอง
Deville Groups,Medina Pool villa M3,DV-2660,พฤษภาคม 2569,16,ติดจอง
Deville Groups,Medina Pool villa M3,DV-2660,พฤษภาคม 2569,23,ติดจอง
Deville Groups,Medina Pool villa M3,DV-2660,พฤษภาคม 2569,30,ติดจอง
Deville Groups,Medina Pool villa M4,DV-2663,มกราคม 2569,23,ติดจอง
Deville Groups,Medina Pool villa M4,DV-2663,มกราคม 2569,24,ติดจอง
Deville Groups,Medina Pool villa M4,DV-2663,มกราคม 2569,26,ติดจอง
Deville Groups,Medina Pool villa M4,DV-2663,มกราคม 2569,27,ติดจอง
Deville Groups,Medina Pool villa M4,DV-2663,มกราคม 2569,31,ติดจอง
Deville Groups,Medina Pool villa M4,DV-2663,กุมภาพันธ์ 2569,5,ติดจอง
Deville Groups,Medina Pool villa M4,DV-2663,กุมภาพันธ์ 2569,7,ติดจอง
Deville Groups,Medina Pool villa M4,DV-2663,กุมภาพันธ์ 2569,8,ติดจอง
Deville Groups,Medina Pool villa M4,DV-2663,กุมภาพันธ์ 2569,14,ติดจอง
Deville Groups,Medina Pool villa M4,DV-2663,กุมภาพันธ์ 2569,17,ติดจอง
Deville Groups,Medina Pool villa M4,DV-2663,กุมภาพันธ์ 2569,18,ติดจอง
Deville Groups,Medina Pool villa M4,DV-2663,กุมภาพันธ์ 2569,20,ติดจอง
Deville Groups,Medina Pool villa M4,DV-2663,กุมภาพันธ์ 2569,21,ติดจอง
Deville Groups,Medina Pool villa M4,DV-2663,กุมภาพันธ์ 2569,28,ติดจอง
Deville Groups,Medina Pool villa M4,DV-2663,มีนาคม 2569,6,ติดจอง
Deville Groups,Medina Pool villa M4,DV-2663,มีนาคม 2569,7,ติดจอง
Deville Groups,Medina Pool villa M4,DV-2663,มีนาคม 2569,14,ติดจอง
Deville Groups,Medina Pool villa M4,DV-2663,มีนาคม 2569,21,ติดจอง
Deville Groups,Medina Pool villa M4,DV-2663,มีนาคม 2569,28,ติดจอง
Deville Groups,Medina Pool villa M4,DV-2663,เมษายน 2569,4,ติดจอง
Deville Groups,Medina Pool villa M4,DV-2663,เมษายน 2569,11,ติดจอง
Deville Groups,Medina Pool villa M4,DV-2663,เมษายน 2569,18,ติดจอง
Deville Groups,Medina Pool villa M4,DV-2663,เมษายน 2569,25,ติดจอง
Deville Groups,Medina Pool villa M4,DV-2663,พฤษภาคม 2569,2,ติดจอง
Deville Groups,Medina Pool villa M4,DV-2663,พฤษภาคม 2569,9,ติดจอง
Deville Groups,Medina Pool villa M4,DV-2663,พฤษภาคม 2569,16,ติดจอง
Deville Groups,Medina Pool villa M4,DV-2663,พฤษภาคม 2569,23,ติดจอง
Deville Groups,Medina Pool villa M4,DV-2663,พฤษภาคม 2569,30,ติดจอง
Deville Groups,Medina Pool villa M5,DV-2667,มกราคม 2569,23,ติดจอง
Deville Groups,Medina Pool villa M5,DV-2667,มกราคม 2569,24,ติดจอง
Deville Groups,Medina Pool villa M5,DV-2667,มกราคม 2569,27,ติดจอง
Deville Groups,Medina Pool villa M5,DV-2667,มกราคม 2569,29,ติดจอง
Deville Groups,Medina Pool villa M5,DV-2667,มกราคม 2569,30,ติดจอง
Deville Groups,Medina Pool villa M5,DV-2667,มกราคม 2569,31,ติดจอง
Deville Groups,Medina Pool villa M5,DV-2667,กุมภาพันธ์ 2569,3,ติดจอง
Deville Groups,Medina Pool villa M5,DV-2667,กุมภาพันธ์ 2569,4,ติดจอง
Deville Groups,Medina Pool villa M5,DV-2667,กุมภาพันธ์ 2569,5,ติดจอง
Deville Groups,Medina Pool villa M5,DV-2667,กุมภาพันธ์ 2569,6,ติดจอง
Deville Groups,Medina Pool villa M5,DV-2667,กุมภาพันธ์ 2569,7,ติดจอง
Deville Groups,Medina Pool villa M5,DV-2667,กุมภาพันธ์ 2569,14,ติดจอง
Deville Groups,Medina Pool villa M5,DV-2667,กุมภาพันธ์ 2569,16,ติดจอง
Deville Groups,Medina Pool villa M5,DV-2667,กุมภาพันธ์ 2569,17,ติดจอง
Deville Groups,Medina Pool villa M5,DV-2667,กุมภาพันธ์ 2569,20,ติดจอง
Deville Groups,Medina Pool villa M5,DV-2667,กุมภาพันธ์ 2569,21,ติดจอง
Deville Groups,Medina Pool villa M5,DV-2667,กุมภาพันธ์ 2569,22,ติดจอง
Deville Groups,Medina Pool villa M5,DV-2667,กุมภาพันธ์ 2569,28,ติดจอง
Deville Groups,Medina Pool villa M5,DV-2667,มีนาคม 2569,7,ติดจอง
Deville Groups,Medina Pool villa M5,DV-2667,มีนาคม 2569,14,ติดจอง
Deville Groups,Medina Pool villa M5,DV-2667,มีนาคม 2569,20,ติดจอง
Deville Groups,Medina Pool villa M5,DV-2667,มีนาคม 2569,21,ติดจอง
Deville Groups,Medina Pool villa M5,DV-2667,มีนาคม 2569,28,ติดจอง
Deville Groups,Medina Pool villa M5,DV-2667,เมษายน 2569,4,ติดจอง
Deville Groups,Medina Pool villa M5,DV-2667,เมษายน 2569,5,ติดจอง
Deville Groups,Medina Pool villa M5,DV-2667,เมษายน 2569,11,ติดจอง
Deville Groups,Medina Pool villa M5,DV-2667,เมษายน 2569,13,ติดจอง
Deville Groups,Medina Pool villa M5,DV-2667,เมษายน 2569,14,ติดจอง
Deville Groups,Medina Pool villa M5,DV-2667,เมษายน 2569,18,ติดจอง
Deville Groups,Medina Pool villa M5,DV-2667,เมษายน 2569,25,ติดจอง
Deville Groups,Medina Pool villa M5,DV-2667,พฤษภาคม 2569,2,ติดจอง
Deville Groups,Medina Pool villa M5,DV-2667,พฤษภาคม 2569,9,ติดจอง
Deville Groups,Medina Pool villa M5,DV-2667,พฤษภาคม 2569,16,ติดจอง
Deville Groups,Medina Pool villa M5,DV-2667,พฤษภาคม 2569,23,ติดจอง
Deville Groups,Medina Pool villa M5,DV-2667,พฤษภาคม 2569,30,ติดจอง
Deville Groups,Hidden Space Pool villa 1,DV-2485,มกราคม 2569,23,ติดจอง
Deville Groups,Hidden Space Pool villa 1,DV-2485,มกราคม 2569,24,ติดจอง
Deville Groups,Hidden Space Pool villa 1,DV-2485,มกราคม 2569,25,ติดจอง
Deville Groups,Hidden Space Pool villa 1,DV-2485,มกราคม 2569,26,ติดจอง
Deville Groups,Hidden Space Pool villa 1,DV-2485,มกราคม 2569,27,ติดจอง
Deville Groups,Hidden Space Pool villa 1,DV-2485,มกราคม 2569,30,ติดจอง
Deville Groups,Hidden Space Pool villa 1,DV-2485,มกราคม 2569,31,ติดจอง
Deville Groups,Hidden Space Pool villa 1,DV-2485,กุมภาพันธ์ 2569,7,ติดจอง
Deville Groups,Hidden Space Pool villa 1,DV-2485,กุมภาพันธ์ 2569,9,ติดจอง
Deville Groups,Hidden Space Pool villa 1,DV-2485,กุมภาพันธ์ 2569,10,ติดจอง
Deville Groups,Hidden Space Pool villa 1,DV-2485,กุมภาพันธ์ 2569,14,ติดจอง
Deville Groups,Hidden Space Pool villa 1,DV-2485,กุมภาพันธ์ 2569,18,ติดจอง
Deville Groups,Hidden Space Pool villa 1,DV-2485,กุมภาพันธ์ 2569,21,ติดจอง
Deville Groups,Hidden Space Pool villa 1,DV-2485,กุมภาพันธ์ 2569,28,ติดจอง
Deville Groups,Hidden Space Pool villa 1,DV-2485,มีนาคม 2569,7,ติดจอง
Deville Groups,Hidden Space Pool villa 1,DV-2485,มีนาคม 2569,14,ติดจอง
Deville Groups,Hidden Space Pool villa 1,DV-2485,มีนาคม 2569,21,ติดจอง
Deville Groups,Hidden Space Pool villa 1,DV-2485,มีนาคม 2569,28,ติดจอง
Deville Groups,Hidden Space Pool villa 1,DV-2485,เมษายน 2569,2,ติดจอง
Deville Groups,Hidden Space Pool villa 1,DV-2485,เมษายน 2569,4,ติดจอง
Deville Groups,Hidden Space Pool villa 1,DV-2485,เมษายน 2569,6,ติดจอง
Deville Groups,Hidden Space Pool villa 1,DV-2485,เมษายน 2569,11,ติดจอง
Deville Groups,Hidden Space Pool villa 1,DV-2485,เมษายน 2569,12,ติดจอง
Deville Groups,Hidden Space Pool villa 1,DV-2485,เมษายน 2569,18,ติดจอง
Deville Groups,Hidden Space Pool villa 1,DV-2485,เมษายน 2569,25,ติดจอง
Deville Groups,Hidden Space Pool villa 1,DV-2485,พฤษภาคม 2569,2,ติดจอง
Deville Groups,Hidden Space Pool villa 1,DV-2485,พฤษภาคม 2569,9,ติดจอง
Deville Groups,Hidden Space Pool villa 1,DV-2485,พฤษภาคม 2569,16,ติดจอง
Deville Groups,Hidden Space Pool villa 1,DV-2485,พฤษภาคม 2569,23,ติดจอง
Deville Groups,Hidden Space Pool villa 1,DV-2485,พฤษภาคม 2569,30,ติดจอง
Deville Groups,Hidden Space Pool villa 2,DV-2486,มกราคม 2569,24,ติดจอง
Deville Groups,Hidden Space Pool villa 2,DV-2486,มกราคม 2569,25,ติดจอง
Deville Groups,Hidden Space Pool villa 2,DV-2486,มกราคม 2569,29,ติดจอง
Deville Groups,Hidden Space Pool villa 2,DV-2486,มกราคม 2569,30,ติดจอง
Deville Groups,Hidden Space Pool villa 2,DV-2486,มกราคม 2569,31,ติดจอง
Deville Groups,Hidden Space Pool villa 2,DV-2486,กุมภาพันธ์ 2569,7,ติดจอง
Deville Groups,Hidden Space Pool villa 2,DV-2486,กุมภาพันธ์ 2569,14,ติดจอง
Deville Groups,Hidden Space Pool villa 2,DV-2486,กุมภาพันธ์ 2569,18,ติดจอง
Deville Groups,Hidden Space Pool villa 2,DV-2486,กุมภาพันธ์ 2569,19,ติดจอง
Deville Groups,Hidden Space Pool villa 2,DV-2486,กุมภาพันธ์ 2569,21,ติดจอง
Deville Groups,Hidden Space Pool villa 2,DV-2486,กุมภาพันธ์ 2569,28,ติดจอง
Deville Groups,Hidden Space Pool villa 2,DV-2486,มีนาคม 2569,7,ติดจอง
Deville Groups,Hidden Space Pool villa 2,DV-2486,มีนาคม 2569,14,ติดจอง
Deville Groups,Hidden Space Pool villa 2,DV-2486,มีนาคม 2569,21,ติดจอง
Deville Groups,Hidden Space Pool villa 2,DV-2486,มีนาคม 2569,28,ติดจอง
Deville Groups,Hidden Space Pool villa 2,DV-2486,เมษายน 2569,4,ติดจอง
Deville Groups,Hidden Space Pool villa 2,DV-2486,เมษายน 2569,5,ติดจอง
Deville Groups,Hidden Space Pool villa 2,DV-2486,เมษายน 2569,6,ติดจอง
Deville Groups,Hidden Space Pool villa 2,DV-2486,เมษายน 2569,11,ติดจอง
Deville Groups,Hidden Space Pool villa 2,DV-2486,เมษายน 2569,13,ติดจอง
Deville Groups,Hidden Space Pool villa 2,DV-2486,เมษายน 2569,14,ติดจอง
Deville Groups,Hidden Space Pool villa 2,DV-2486,เมษายน 2569,15,ติดจอง
Deville Groups,Hidden Space Pool villa 2,DV-2486,เมษายน 2569,18,ติดจอง
Deville Groups,Hidden Space Pool villa 2,DV-2486,เมษายน 2569,25,ติดจอง
Deville Groups,Hidden Space Pool villa 2,DV-2486,พฤษภาคม 2569,2,ติดจอง
Deville Groups,Hidden Space Pool villa 2,DV-2486,พฤษภาคม 2569,5,ติดจอง
Deville Groups,Hidden Space Pool villa 2,DV-2486,พฤษภาคม 2569,9,ติดจอง
Deville Groups,Hidden Space Pool villa 2,DV-2486,พฤษภาคม 2569,16,ติดจอง
Deville Groups,Hidden Space Pool villa 2,DV-2486,พฤษภาคม 2569,23,ติดจอง
Deville Groups,Hidden Space Pool villa 2,DV-2486,พฤษภาคม 2569,30,ติดจอง
Deville Groups,Hidden Space Pool villa 3,DV-2508,มกราคม 2569,24,ติดจอง
Deville Groups,Hidden Space Pool villa 3,DV-2508,มกราคม 2569,25,ติดจอง
Deville Groups,Hidden Space Pool villa 3,DV-2508,มกราคม 2569,26,ติดจอง
Deville Groups,Hidden Space Pool villa 3,DV-2508,มกราคม 2569,27,ติดจอง
Deville Groups,Hidden Space Pool villa 3,DV-2508,มกราคม 2569,30,ติดจอง
Deville Groups,Hidden Space Pool villa 3,DV-2508,มกราคม 2569,31,ติดจอง
Deville Groups,Hidden Space Pool villa 3,DV-2508,กุมภาพันธ์ 2569,2,ติดจอง
Deville Groups,Hidden Space Pool villa 3,DV-2508,กุมภาพันธ์ 2569,7,ติดจอง
Deville Groups,Hidden Space Pool villa 3,DV-2508,กุมภาพันธ์ 2569,14,ติดจอง
Deville Groups,Hidden Space Pool villa 3,DV-2508,กุมภาพันธ์ 2569,21,ติดจอง
Deville Groups,Hidden Space Pool villa 3,DV-2508,กุมภาพันธ์ 2569,23,ติดจอง
Deville Groups,Hidden Space Pool villa 3,DV-2508,กุมภาพันธ์ 2569,26,ติดจอง
Deville Groups,Hidden Space Pool villa 3,DV-2508,กุมภาพันธ์ 2569,28,ติดจอง
Deville Groups,Hidden Space Pool villa 3,DV-2508,มีนาคม 2569,7,ติดจอง
Deville Groups,Hidden Space Pool villa 3,DV-2508,มีนาคม 2569,14,ติดจอง
Deville Groups,Hidden Space Pool villa 3,DV-2508,มีนาคม 2569,21,ติดจอง
Deville Groups,Hidden Space Pool villa 3,DV-2508,มีนาคม 2569,23,ติดจอง
Deville Groups,Hidden Space Pool villa 3,DV-2508,มีนาคม 2569,24,ติดจอง
Deville Groups,Hidden Space Pool villa 3,DV-2508,มีนาคม 2569,28,ติดจอง
Deville Groups,Hidden Space Pool villa 3,DV-2508,เมษายน 2569,4,ติดจอง
Deville Groups,Hidden Space Pool villa 3,DV-2508,เมษายน 2569,11,ติดจอง
Deville Groups,Hidden Space Pool villa 3,DV-2508,เมษายน 2569,13,ติดจอง
Deville Groups,Hidden Space Pool villa 3,DV-2508,เมษายน 2569,14,ติดจอง
Deville Groups,Hidden Space Pool villa 3,DV-2508,เมษายน 2569,15,ติดจอง
Deville Groups,Hidden Space Pool villa 3,DV-2508,เมษายน 2569,18,ติดจอง
Deville Groups,Hidden Space Pool villa 3,DV-2508,เมษายน 2569,25,ติดจอง
Deville Groups,Hidden Space Pool villa 3,DV-2508,พฤษภาคม 2569,2,ติดจอง
Deville Groups,Hidden Space Pool villa 3,DV-2508,พฤษภาคม 2569,9,ติดจอง
Deville Groups,Hidden Space Pool villa 3,DV-2508,พฤษภาคม 2569,16,ติดจอง
Deville Groups,Hidden Space Pool villa 3,DV-2508,พฤษภาคม 2569,23,ติดจอง
Deville Groups,Hidden Space Pool villa 3,DV-2508,พฤษภาคม 2569,30,ติดจอง
Deville Groups,Madaguscar 1,DV-2262,มกราคม 2569,23,ติดจอง
Deville Groups,Madaguscar 1,DV-2262,มกราคม 2569,24,ติดจอง
Deville Groups,Madaguscar 1,DV-2262,มกราคม 2569,25,ติดจอง
Deville Groups,Madaguscar 1,DV-2262,มกราคม 2569,26,ติดจอง
Deville Groups,Madaguscar 1,DV-2262,มกราคม 2569,27,ติดจอง
Deville Groups,Madaguscar 1,DV-2262,มกราคม 2569,31,ติดจอง
Deville Groups,Madaguscar 1,DV-2262,กุมภาพันธ์ 2569,3,ติดจอง
Deville Groups,Madaguscar 1,DV-2262,กุมภาพันธ์ 2569,4,ติดจอง
Deville Groups,Madaguscar 1,DV-2262,กุมภาพันธ์ 2569,5,ติดจอง
Deville Groups,Madaguscar 1,DV-2262,กุมภาพันธ์ 2569,6,ติดจอง
Deville Groups,Madaguscar 1,DV-2262,กุมภาพันธ์ 2569,7,ติดจอง
Deville Groups,Madaguscar 1,DV-2262,กุมภาพันธ์ 2569,8,ติดจอง
Deville Groups,Madaguscar 1,DV-2262,กุมภาพันธ์ 2569,9,ติดจอง
Deville Groups,Madaguscar 1,DV-2262,กุมภาพันธ์ 2569,10,ติดจอง
Deville Groups,Madaguscar 1,DV-2262,กุมภาพันธ์ 2569,11,ติดจอง
Deville Groups,Madaguscar 1,DV-2262,กุมภาพันธ์ 2569,12,ติดจอง
Deville Groups,Madaguscar 1,DV-2262,กุมภาพันธ์ 2569,16,ติดจอง
Deville Groups,Madaguscar 1,DV-2262,กุมภาพันธ์ 2569,17,ติดจอง
Deville Groups,Madaguscar 1,DV-2262,กุมภาพันธ์ 2569,18,ติดจอง
Deville Groups,Madaguscar 1,DV-2262,กุมภาพันธ์ 2569,19,ติดจอง
Deville Groups,Madaguscar 1,DV-2262,กุมภาพันธ์ 2569,20,ติดจอง
Deville Groups,Madaguscar 1,DV-2262,กุมภาพันธ์ 2569,21,ติดจอง
Deville Groups,Madaguscar 1,DV-2262,มีนาคม 2569,2,ติดจอง
Deville Groups,Madaguscar 1,DV-2262,มีนาคม 2569,3,ติดจอง
Deville Groups,Madaguscar 1,DV-2262,มีนาคม 2569,4,ติดจอง
Deville Groups,Madaguscar 1,DV-2262,มีนาคม 2569,5,ติดจอง
Deville Groups,Madaguscar 1,DV-2262,มีนาคม 2569,9,ติดจอง
Deville Groups,Madaguscar 1,DV-2262,มีนาคม 2569,10,ติดจอง
Deville Groups,Madaguscar 1,DV-2262,มีนาคม 2569,11,ติดจอง
Deville Groups,Madaguscar 1,DV-2262,มีนาคม 2569,31,ติดจอง
Deville Groups,Madaguscar 1,DV-2262,เมษายน 2569,1,ติดจอง
Deville Groups,Madaguscar 1,DV-2262,เมษายน 2569,2,ติดจอง
Deville Groups,Madaguscar 1,DV-2262,พฤษภาคม 2569,4,ติดจอง
Deville Groups,Madaguscar 1,DV-2262,พฤษภาคม 2569,5,ติดจอง
Deville Groups,Madaguscar 1,DV-2262,พฤษภาคม 2569,6,ติดจอง
Deville Groups,Madaguscar 1,DV-2262,พฤษภาคม 2569,7,ติดจอง
Deville Groups,Madaguscar 1,DV-2262,พฤษภาคม 2569,8,ติดจอง
Deville Groups,Madaguscar 1,DV-2262,พฤษภาคม 2569,9,ติดจอง
Deville Groups,Madaguscar 2,DV-2263,มกราคม 2569,24,ติดจอง
Deville Groups,Madaguscar 2,DV-2263,มกราคม 2569,31,ติดจอง
Deville Groups,Madaguscar 2,DV-2263,กุมภาพันธ์ 2569,2,ติดจอง
Deville Groups,Madaguscar 2,DV-2263,กุมภาพันธ์ 2569,3,ติดจอง
Deville Groups,Madaguscar 2,DV-2263,กุมภาพันธ์ 2569,7,ติดจอง
Deville Groups,Madaguscar 2,DV-2263,กุมภาพันธ์ 2569,19,ติดจอง
Deville Groups,Madaguscar 2,DV-2263,มีนาคม 2569,5,ติดจอง
Deville Groups,Madaguscar 3,DV-2264,มกราคม 2569,23,ติดจอง
Deville Groups,Madaguscar 3,DV-2264,มกราคม 2569,24,ติดจอง
Deville Groups,Madaguscar 3,DV-2264,มกราคม 2569,31,ติดจอง
Deville Groups,Madaguscar 3,DV-2264,กุมภาพันธ์ 2569,16,ติดจอง
Deville Groups,Madaguscar 3,DV-2264,กุมภาพันธ์ 2569,17,ติดจอง
Deville Groups,Madaguscar 3,DV-2264,กุมภาพันธ์ 2569,18,ติดจอง
Deville Groups,Madaguscar 3,DV-2264,กุมภาพันธ์ 2569,19,ติดจอง
Deville Groups,Madaguscar 3,DV-2264,กุมภาพันธ์ 2569,20,ติดจอง
Deville Groups,Madaguscar 3,DV-2264,เมษายน 2569,4,ติดจอง
Deville Groups,Madaguscar 3,DV-2264,เมษายน 2569,11,ติดจอง
Deville Groups,Madaguscar 3,DV-2264,เมษายน 2569,12,ติดจอง
Deville Groups,Madaguscar 4,DV-2265,มกราคม 2569,23,ติดจอง
Deville Groups,Madaguscar 4,DV-2265,มกราคม 2569,31,ติดจอง
Deville Groups,Madaguscar 4,DV-2265,กุมภาพันธ์ 2569,12,ติดจอง
Deville Groups,Madaguscar 4,DV-2265,กุมภาพันธ์ 2569,13,ติดจอง
Deville Groups,Madaguscar 4,DV-2265,กุมภาพันธ์ 2569,14,ติดจอง
Deville Groups,Madaguscar 4,DV-2265,กุมภาพันธ์ 2569,18,ติดจอง
Deville Groups,Madaguscar 4,DV-2265,กุมภาพันธ์ 2569,19,ติดจอง
Deville Groups,Madaguscar 4,DV-2265,มีนาคม 2569,10,ติดจอง
Deville Groups,Madaguscar 4,DV-2265,มีนาคม 2569,11,ติดจอง
Deville Groups,Madaguscar 4,DV-2265,มีนาคม 2569,31,ติดจอง
Deville Groups,Madaguscar 4,DV-2265,เมษายน 2569,1,ติดจอง
Deville Groups,Madaguscar 4,DV-2265,เมษายน 2569,2,ติดจอง
Deville Groups,Brittany Poolvilla 1,DV-2285,กุมภาพันธ์ 2569,16,ติดจอง
Deville Groups,Brittany Poolvilla 1,DV-2285,กุมภาพันธ์ 2569,17,ติดจอง
Deville Groups,Brittany Poolvilla 2,DV-2286,มกราคม 2569,24,ติดจอง
Deville Groups,Medina Pool villa M1,DV-2287,มกราคม 2569,23,ติดจอง
Deville Groups,Medina Pool villa M1,DV-2287,มกราคม 2569,24,ติดจอง
Deville Groups,Medina Pool villa M1,DV-2287,มกราคม 2569,25,ติดจอง
Deville Groups,Medina Pool villa M1,DV-2287,มกราคม 2569,26,ติดจอง
Deville Groups,Medina Pool villa M1,DV-2287,มกราคม 2569,29,ติดจอง
Deville Groups,Medina Pool villa M1,DV-2287,มกราคม 2569,30,ติดจอง
Deville Groups,Medina Pool villa M1,DV-2287,มกราคม 2569,31,ติดจอง
Deville Groups,Medina Pool villa M1,DV-2287,กุมภาพันธ์ 2569,5,ติดจอง
Deville Groups,Medina Pool villa M1,DV-2287,กุมภาพันธ์ 2569,7,ติดจอง
Deville Groups,Medina Pool villa M1,DV-2287,กุมภาพันธ์ 2569,8,ติดจอง
Deville Groups,Medina Pool villa M1,DV-2287,กุมภาพันธ์ 2569,13,ติดจอง
Deville Groups,Medina Pool villa M1,DV-2287,กุมภาพันธ์ 2569,14,ติดจอง
Deville Groups,Medina Pool villa M1,DV-2287,กุมภาพันธ์ 2569,19,ติดจอง
Deville Groups,Medina Pool villa M1,DV-2287,กุมภาพันธ์ 2569,20,ติดจอง
Deville Groups,Medina Pool villa M1,DV-2287,กุมภาพันธ์ 2569,21,ติดจอง
Deville Groups,Medina Pool villa M1,DV-2287,กุมภาพันธ์ 2569,27,ติดจอง
Deville Groups,Medina Pool villa M1,DV-2287,กุมภาพันธ์ 2569,28,ติดจอง
Deville Groups,Medina Pool villa M1,DV-2287,มีนาคม 2569,7,ติดจอง
Deville Groups,Medina Pool villa M1,DV-2287,มีนาคม 2569,14,ติดจอง
Deville Groups,Medina Pool villa M1,DV-2287,มีนาคม 2569,21,ติดจอง
Deville Groups,Medina Pool villa M1,DV-2287,มีนาคม 2569,28,ติดจอง
Deville Groups,Medina Pool villa M1,DV-2287,เมษายน 2569,1,ติดจอง
Deville Groups,Medina Pool villa M1,DV-2287,เมษายน 2569,2,ติดจอง
Deville Groups,Medina Pool villa M1,DV-2287,เมษายน 2569,3,ติดจอง
Deville Groups,Medina Pool villa M1,DV-2287,เมษายน 2569,4,ติดจอง
Deville Groups,Medina Pool villa M1,DV-2287,เมษายน 2569,5,ติดจอง
Deville Groups,Medina Pool villa M1,DV-2287,เมษายน 2569,11,ติดจอง
Deville Groups,Medina Pool villa M1,DV-2287,เมษายน 2569,18,ติดจอง
Deville Groups,Medina Pool villa M1,DV-2287,เมษายน 2569,25,ติดจอง
Deville Groups,Medina Pool villa M1,DV-2287,พฤษภาคม 2569,2,ติดจอง
Deville Groups,Medina Pool villa M1,DV-2287,พฤษภาคม 2569,9,ติดจอง
Deville Groups,Medina Pool villa M1,DV-2287,พฤษภาคม 2569,16,ติดจอง
Deville Groups,Medina Pool villa M1,DV-2287,พฤษภาคม 2569,23,ติดจอง
Deville Groups,Medina Pool villa M1,DV-2287,พฤษภาคม 2569,30,ติดจอง
Deville Groups,Medina Pool villa M2,DV-2288,มกราคม 2569,23,ติดจอง
Deville Groups,Medina Pool villa M2,DV-2288,มกราคม 2569,24,ติดจอง
Deville Groups,Medina Pool villa M2,DV-2288,มกราคม 2569,25,ติดจอง
Deville Groups,Medina Pool villa M2,DV-2288,มกราคม 2569,29,ติดจอง
Deville Groups,Medina Pool villa M2,DV-2288,มกราคม 2569,30,ติดจอง
Deville Groups,Medina Pool villa M2,DV-2288,มกราคม 2569,31,ติดจอง
Deville Groups,Medina Pool villa M2,DV-2288,กุมภาพันธ์ 2569,7,ติดจอง
Deville Groups,Medina Pool villa M2,DV-2288,กุมภาพันธ์ 2569,9,ติดจอง
Deville Groups,Medina Pool villa M2,DV-2288,กุมภาพันธ์ 2569,10,ติดจอง
Deville Groups,Medina Pool villa M2,DV-2288,กุมภาพันธ์ 2569,11,ติดจอง
Deville Groups,Medina Pool villa M2,DV-2288,กุมภาพันธ์ 2569,14,ติดจอง
Deville Groups,Medina Pool villa M2,DV-2288,กุมภาพันธ์ 2569,15,ติดจอง
Deville Groups,Medina Pool villa M2,DV-2288,กุมภาพันธ์ 2569,21,ติดจอง
Deville Groups,Medina Pool villa M2,DV-2288,กุมภาพันธ์ 2569,27,ติดจอง
Deville Groups,Medina Pool villa M2,DV-2288,กุมภาพันธ์ 2569,28,ติดจอง
Deville Groups,Medina Pool villa M2,DV-2288,มีนาคม 2569,7,ติดจอง
Deville Groups,Medina Pool villa M2,DV-2288,มีนาคม 2569,14,ติดจอง
Deville Groups,Medina Pool villa M2,DV-2288,มีนาคม 2569,21,ติดจอง
Deville Groups,Medina Pool villa M2,DV-2288,มีนาคม 2569,28,ติดจอง
Deville Groups,Medina Pool villa M2,DV-2288,เมษายน 2569,4,ติดจอง
Deville Groups,Medina Pool villa M2,DV-2288,เมษายน 2569,11,ติดจอง
Deville Groups,Medina Pool villa M2,DV-2288,เมษายน 2569,18,ติดจอง
Deville Groups,Medina Pool villa M2,DV-2288,เมษายน 2569,25,ติดจอง
Deville Groups,Medina Pool villa M2,DV-2288,พฤษภาคม 2569,2,ติดจอง
Deville Groups,Medina Pool villa M2,DV-2288,พฤษภาคม 2569,9,ติดจอง
Deville Groups,Medina Pool villa M2,DV-2288,พฤษภาคม 2569,16,ติดจอง
Deville Groups,Medina Pool villa M2,DV-2288,พฤษภาคม 2569,23,ติดจอง
Deville Groups,Medina Pool villa M2,DV-2288,พฤษภาคม 2569,30,ติดจอง
Pool Villa City,CITY-743,CITY-743,เมษายน 2569,13,ติดจอง
Pool Villa City,CITY-743,CITY-743,เมษายน 2569,14,ติดจอง
Pool Villa City,CITY-745,CITY-745,มกราคม 2569,23,ติดจอง
Pool Villa City,CITY-1320,CITY-1320,มกราคม 2569,31,ติดจอง
Pool Villa City,CITY-1320,CITY-1320,กุมภาพันธ์ 2569,14,ติดจอง
Pool Villa City,CITY-1321,CITY-1321,มกราคม 2569,24,ติดจอง
Pool Villa City,CITY-1321,CITY-1321,มกราคม 2569,30,ติดจอง
Pool Villa City,CITY-1321,CITY-1321,มกราคม 2569,31,ติดจอง
Pool Villa City,CITY-1330,CITY-1330,มกราคม 2569,23,ติดจอง
Pool Villa City,CITY-1330,CITY-1330,มกราคม 2569,24,ติดจอง
Pool Villa City,CITY-1330,CITY-1330,มกราคม 2569,26,ติดจอง
Pool Villa City,CITY-1330,CITY-1330,มกราคม 2569,28,ติดจอง
Pool Villa City,CITY-1330,CITY-1330,มกราคม 2569,29,ติดจอง
Pool Villa City,CITY-1330,CITY-1330,กุมภาพันธ์ 2569,6,ติดจอง
Pool Villa City,CITY-1330,CITY-1330,กุมภาพันธ์ 2569,7,ติดจอง
Pool Villa City,CITY-1330,CITY-1330,กุมภาพันธ์ 2569,14,ติดจอง
Pool Villa City,CITY-1330,CITY-1330,กุมภาพันธ์ 2569,17,ติดจอง
Pool Villa City,CITY-1330,CITY-1330,กุมภาพันธ์ 2569,19,ติดจอง
Pool Villa City,CITY-1330,CITY-1330,กุมภาพันธ์ 2569,21,ติดจอง
Pool Villa City,CITY-1330,CITY-1330,กุมภาพันธ์ 2569,22,ติดจอง
Pool Villa City,CITY-1330,CITY-1330,กุมภาพันธ์ 2569,25,ติดจอง
Pool Villa City,CITY-1278,CITY-1278,มีนาคม 2569,2,ติดจอง
Pool Villa City,CITY-1195,CITY-1195,กุมภาพันธ์ 2569,4,ติดจอง
Pattaya Party Pool Villa,DV-1361,DV-1361,มกราคม 2569,24,ติดจอง
Pattaya Party Pool Villa,DV-1361,DV-1361,มกราคม 2569,30,ติดจอง
Pattaya Party Pool Villa,DV-1361,DV-1361,มกราคม 2569,31,ติดจอง
Pattaya Party Pool Villa,DV-1361,DV-1361,กุมภาพันธ์ 2569,14,ติดจอง
Pattaya Party Pool Villa,DV-1361,DV-1361,กุมภาพันธ์ 2569,21,ติดจอง
Pattaya Party Pool Villa,DV-2246,DV-2246,มกราคม 2569,23,ติดจอง
Pattaya Party Pool Villa,DV-2246,DV-2246,มกราคม 2569,24,ติดจอง
Pattaya Party Pool Villa,DV-2246,DV-2246,มกราคม 2569,27,ติดจอง
Pattaya Party Pool Villa,DV-2246,DV-2246,มกราคม 2569,31,ติดจอง
Pattaya Party Pool Villa,DV-2246,DV-2246,กุมภาพันธ์ 2569,7,ติดจอง
Pattaya Party Pool Villa,DV-2246,DV-2246,กุมภาพันธ์ 2569,14,ติดจอง
Pattaya Party Pool Villa,DV-2246,DV-2246,กุมภาพันธ์ 2569,15,ติดจอง
Pattaya Party Pool Villa,DV-2246,DV-2246,กุมภาพันธ์ 2569,21,ติดจอง
Pattaya Party Pool Villa,DV-2246,DV-2246,กุมภาพันธ์ 2569,28,ติดจอง
Pattaya Party Pool Villa,DV-2246,DV-2246,มีนาคม 2569,14,ติดจอง
Pattaya Party Pool Villa,DV-2246,DV-2246,มีนาคม 2569,17,ติดจอง
Pattaya Party Pool Villa,DV-2246,DV-2246,มีนาคม 2569,18,ติดจอง
Pattaya Party Pool Villa,DV-2246,DV-2246,เมษายน 2569,1,ติดจอง
Pattaya Party Pool Villa,DV-2246,DV-2246,เมษายน 2569,2,ติดจอง
Pattaya Party Pool Villa,DV-2246,DV-2246,เมษายน 2569,4,ติดจอง
Deville Groups,Mina pool villa pattaya,DV-2069,มกราคม 2569,23,ติดจอง
Pattaya Party Pool Villa,DV-1297,DV-1297,มกราคม 2569,23,ติดจอง
Pattaya Party Pool Villa,DV-1297,DV-1297,มกราคม 2569,24,ติดจอง
Pattaya Party Pool Villa,DV-1297,DV-1297,กุมภาพันธ์ 2569,14,ติดจอง
Pattaya Party Pool Villa,DV-1297,DV-1297,กุมภาพันธ์ 2569,18,ติดจอง
Pattaya Party Pool Villa,DV-1297,DV-1297,กุมภาพันธ์ 2569,19,ติดจอง
Pattaya Party Pool Villa,DV-1297,DV-1297,มีนาคม 2569,17,ติดจอง
Pattaya Party Pool Villa,DV-1297,DV-1297,มีนาคม 2569,18,ติดจอง
Pattaya Party Pool Villa,DV-1297,DV-1297,มีนาคม 2569,19,ติดจอง
Pattaya Party Pool Villa,DV-1297,DV-1297,มีนาคม 2569,20,ติดจอง
Pattaya Party Pool Villa,DV-1297,DV-1297,มีนาคม 2569,21,ติดจอง
Pattaya Party Pool Villa,DV-1297,DV-1297,มีนาคม 2569,22,ติดจอง
Pattaya Party Pool Villa,DV-1297,DV-1297,มีนาคม 2569,23,ติดจอง
Pattaya Party Pool Villa,DV-1297,DV-1297,มีนาคม 2569,24,ติดจอง
Pattaya Party Pool Villa,DV-1297,DV-1297,มีนาคม 2569,25,ติดจอง
Pattaya Party Pool Villa,DV-1297,DV-1297,มีนาคม 2569,26,ติดจอง
Pattaya Party Pool Villa,DV-1297,DV-1297,มีนาคม 2569,27,ติดจอง
Pattaya Party Pool Villa,DV-1297,DV-1297,มีนาคม 2569,28,ติดจอง
Pattaya Party Pool Villa,DV-1297,DV-1297,มีนาคม 2569,29,ติดจอง
Pattaya Party Pool Villa,DV-1297,DV-1297,มีนาคม 2569,30,ติดจอง
Pattaya Party Pool Villa,DV-1297,DV-1297,มีนาคม 2569,31,ติดจอง
Pattaya Party Pool Villa,DV-1297,DV-1297,เมษายน 2569,1,ติดจอง
Pattaya Party Pool Villa,DV-1297,DV-1297,เมษายน 2569,2,ติดจอง
Pattaya Party Pool Villa,DV-1297,DV-1297,เมษายน 2569,3,ติดจอง
Pattaya Party Pool Villa,DV-1297,DV-1297,เมษายน 2569,4,ติดจอง
Pattaya Party Pool Villa,DV-1297,DV-1297,เมษายน 2569,5,ติดจอง
Pattaya Party Pool Villa,DV-1297,DV-1297,เมษายน 2569,6,ติดจอง
Pattaya Party Pool Villa,DV-1297,DV-1297,เมษายน 2569,7,ติดจอง
Pattaya Party Pool Villa,DV-1297,DV-1297,พฤษภาคม 2569,2,ติดจอง
Pattaya Party Pool Villa,DV-1297,DV-1297,พฤษภาคม 2569,3,ติดจอง
Pattaya Party Pool Villa,DV-1297,DV-1297,พฤษภาคม 2569,4,ติดจอง
Pattaya Party Pool Villa,DV-1298,DV-1298,มกราคม 2569,24,ติดจอง
Pattaya Party Pool Villa,DV-1298,DV-1298,กุมภาพันธ์ 2569,14,ติดจอง
Pattaya Party Pool Villa,DV-2307,DV-2307,มกราคม 2569,24,ติดจอง
Pattaya Party Pool Villa,DV-2307,DV-2307,กุมภาพันธ์ 2569,6,ติดจอง
Pattaya Party Pool Villa,DV-2307,DV-2307,กุมภาพันธ์ 2569,14,ติดจอง
Pattaya Party Pool Villa,DV-2307,DV-2307,กุมภาพันธ์ 2569,21,ติดจอง
Pattaya Party Pool Villa,DV-2307,DV-2307,มีนาคม 2569,7,ติดจอง
Pattaya Party Pool Villa,DV-2307,DV-2307,มีนาคม 2569,8,ติดจอง
Pattaya Party Pool Villa,DV-2307,DV-2307,มีนาคม 2569,14,ติดจอง
Pattaya Party Pool Villa,DV-2307,DV-2307,เมษายน 2569,3,ติดจอง
Pattaya Party Pool Villa,DV-2307,DV-2307,เมษายน 2569,4,ติดจอง
Pattaya Party Pool Villa,DV-2307,DV-2307,เมษายน 2569,5,ติดจอง
Pattaya Party Pool Villa,DV-2337,DV-2337,กุมภาพันธ์ 2569,14,ติดจอง
Pattaya Party Pool Villa,DV-2340,DV-2340,มกราคม 2569,24,ติดจอง
Pattaya Party Pool Villa,DV-2340,DV-2340,มกราคม 2569,31,ติดจอง
Pattaya Party Pool Villa,DV-2340,DV-2340,กุมภาพันธ์ 2569,22,ติดจอง
Pattaya Party Pool Villa,DV-2340,DV-2340,เมษายน 2569,12,ติดจอง
Pattaya Party Pool Villa,DV-2342,DV-2342,มกราคม 2569,24,ติดจอง
Pattaya Party Pool Villa,DV-2342,DV-2342,มกราคม 2569,31,ติดจอง
Pattaya Party Pool Villa,DV-2342,DV-2342,กุมภาพันธ์ 2569,7,ติดจอง
Pattaya Party Pool Villa,DV-2342,DV-2342,กุมภาพันธ์ 2569,14,ติดจอง
Deville Groups,Camel House Poolvilla,DV-2071,มกราคม 2569,23,ติดจอง
Deville Groups,Camel House Poolvilla,DV-2071,มกราคม 2569,24,ติดจอง
Deville Groups,Camel House Poolvilla,DV-2071,มกราคม 2569,25,ติดจอง
Deville Groups,Camel House Poolvilla,DV-2071,มกราคม 2569,26,ติดจอง
Deville Groups,Camel House Poolvilla,DV-2071,มกราคม 2569,30,ติดจอง
Deville Groups,Camel House Poolvilla,DV-2071,มกราคม 2569,31,ติดจอง
Deville Groups,Camel House Poolvilla,DV-2071,กุมภาพันธ์ 2569,3,ติดจอง
Deville Groups,Camel House Poolvilla,DV-2071,กุมภาพันธ์ 2569,6,ติดจอง
Deville Groups,Camel House Poolvilla,DV-2071,กุมภาพันธ์ 2569,13,ติดจอง
Deville Groups,Camel House Poolvilla,DV-2071,กุมภาพันธ์ 2569,17,ติดจอง
Deville Groups,Camel House Poolvilla,DV-2071,กุมภาพันธ์ 2569,18,ติดจอง
Deville Groups,Camel House Poolvilla,DV-2071,กุมภาพันธ์ 2569,20,ติดจอง
Deville Groups,Camel House Poolvilla,DV-2071,กุมภาพันธ์ 2569,21,ติดจอง
Deville Groups,Camel House Poolvilla,DV-2071,กุมภาพันธ์ 2569,28,ติดจอง
Deville Groups,Camel House Poolvilla,DV-2071,มีนาคม 2569,1,ติดจอง
Deville Groups,Camel House Poolvilla,DV-2071,มีนาคม 2569,7,ติดจอง
Deville Groups,Cyrus House Poolvilla,DV-2360,มกราคม 2569,23,ติดจอง
Deville Groups,Cyrus House Poolvilla,DV-2360,มกราคม 2569,24,ติดจอง
Deville Groups,Cyrus House Poolvilla,DV-2360,มกราคม 2569,31,ติดจอง
Deville Groups,Cyrus House Poolvilla,DV-2360,กุมภาพันธ์ 2569,6,ติดจอง
Deville Groups,Cyrus House Poolvilla,DV-2360,กุมภาพันธ์ 2569,7,ติดจอง
Deville Groups,Cyrus House Poolvilla,DV-2360,กุมภาพันธ์ 2569,20,ติดจอง
Deville Groups,Cyrus House Poolvilla,DV-2360,กุมภาพันธ์ 2569,21,ติดจอง
Deville Groups,Planet House Poolvilla,DV-1597,มกราคม 2569,23,ติดจอง
Deville Groups,Planet House Poolvilla,DV-1597,มกราคม 2569,25,ติดจอง
Deville Groups,Planet House Poolvilla,DV-1597,มกราคม 2569,26,ติดจอง
Deville Groups,Planet House Poolvilla,DV-1597,มกราคม 2569,31,ติดจอง
Deville Groups,Planet House Poolvilla,DV-1597,กุมภาพันธ์ 2569,3,ติดจอง
Deville Groups,Planet House Poolvilla,DV-1597,กุมภาพันธ์ 2569,7,ติดจอง
Deville Groups,Planet House Poolvilla,DV-1597,กุมภาพันธ์ 2569,21,ติดจอง
Deville Groups,Planet House Poolvilla,DV-1597,กุมภาพันธ์ 2569,28,ติดจอง
Deville Groups,Planet House Poolvilla,DV-1597,มีนาคม 2569,1,ติดจอง
Deville Groups,Planet House Poolvilla,DV-1597,มีนาคม 2569,2,ติดจอง
Deville Groups,Sunset House Poolvilla,DV-1598,มกราคม 2569,26,ติดจอง
Deville Groups,Sunset House Poolvilla,DV-1598,มกราคม 2569,27,ติดจอง
Deville Groups,Sunset House Poolvilla,DV-1598,กุมภาพันธ์ 2569,3,ติดจอง
Deville Groups,Sunset House Poolvilla,DV-1598,กุมภาพันธ์ 2569,4,ติดจอง
Deville Groups,Sunset House Poolvilla,DV-1598,กุมภาพันธ์ 2569,6,ติดจอง
Deville Groups,Sunset House Poolvilla,DV-1598,กุมภาพันธ์ 2569,7,ติดจอง
Deville Groups,Sunset House Poolvilla,DV-1598,กุมภาพันธ์ 2569,13,ติดจอง
Deville Groups,Sunset House Poolvilla,DV-1598,กุมภาพันธ์ 2569,20,ติดจอง
Deville Groups,Sunset House Poolvilla,DV-1598,มีนาคม 2569,1,ติดจอง
Deville Groups,Sunset House Poolvilla,DV-1598,มีนาคม 2569,2,ติดจอง
Deville Groups,Charming House Poolvilla ( บ้านชาร์มมิ่ง ),DV-1608,เมษายน 2569,6,ติดจอง
Deville Groups,Charming House Poolvilla ( บ้านชาร์มมิ่ง ),DV-1608,เมษายน 2569,7,ติดจอง
Deville Groups,Charming House Poolvilla ( บ้านชาร์มมิ่ง ),DV-1608,เมษายน 2569,8,ติดจอง
Deville Groups,Charming House Poolvilla ( บ้านชาร์มมิ่ง ),DV-1608,เมษายน 2569,9,ติดจอง
Deville Groups,Charming House Poolvilla ( บ้านชาร์มมิ่ง ),DV-1608,เมษายน 2569,10,ติดจอง
Deville Groups,Charming House Poolvilla ( บ้านชาร์มมิ่ง ),DV-1608,เมษายน 2569,11,ติดจอง
Deville Groups,Charming House Poolvilla ( บ้านชาร์มมิ่ง ),DV-1608,เมษายน 2569,12,ติดจอง
Deville Groups,Charming House Poolvilla ( บ้านชาร์มมิ่ง ),DV-1608,เมษายน 2569,13,ติดจอง
Deville Groups,Charming House Poolvilla ( บ้านชาร์มมิ่ง ),DV-1608,เมษายน 2569,14,ติดจอง
Deville Groups,Charming House Poolvilla ( บ้านชาร์มมิ่ง ),DV-1608,เมษายน 2569,15,ติดจอง
Deville Groups,Charming House Poolvilla ( บ้านชาร์มมิ่ง ),DV-1608,เมษายน 2569,16,ติดจอง
Deville Groups,Charming House Poolvilla ( บ้านชาร์มมิ่ง ),DV-1608,เมษายน 2569,17,ติดจอง
Deville Groups,Charming House Poolvilla ( บ้านชาร์มมิ่ง ),DV-1608,เมษายน 2569,18,ติดจอง
Deville Groups,Charming House Poolvilla ( บ้านชาร์มมิ่ง ),DV-1608,เมษายน 2569,19,ติดจอง
Deville Groups,Charming House Poolvilla ( บ้านชาร์มมิ่ง ),DV-1608,เมษายน 2569,20,ติดจอง
Deville Groups,Charming House Poolvilla ( บ้านชาร์มมิ่ง ),DV-1608,เมษายน 2569,21,ติดจอง
Deville Groups,Charming House Poolvilla ( บ้านชาร์มมิ่ง ),DV-1608,เมษายน 2569,22,ติดจอง
Deville Groups,Charming House Poolvilla ( บ้านชาร์มมิ่ง ),DV-1608,เมษายน 2569,23,ติดจอง
Deville Groups,Charming House Poolvilla ( บ้านชาร์มมิ่ง ),DV-1608,เมษายน 2569,24,ติดจอง
Deville Groups,Charming House Poolvilla ( บ้านชาร์มมิ่ง ),DV-1608,เมษายน 2569,25,ติดจอง
Deville Groups,Charming House Poolvilla ( บ้านชาร์มมิ่ง ),DV-1608,เมษายน 2569,26,ติดจอง
Deville Groups,Charming House Poolvilla ( บ้านชาร์มมิ่ง ),DV-1608,เมษายน 2569,27,ติดจอง
Deville Groups,Charming House Poolvilla ( บ้านชาร์มมิ่ง ),DV-1608,เมษายน 2569,28,ติดจอง
Deville Groups,Charming House Poolvilla ( บ้านชาร์มมิ่ง ),DV-1608,เมษายน 2569,29,ติดจอง
Deville Groups,Charming House Poolvilla ( บ้านชาร์มมิ่ง ),DV-1608,เมษายน 2569,30,ติดจอง
Deville Groups,Charming House Poolvilla ( บ้านชาร์มมิ่ง ),DV-1608,พฤษภาคม 2569,1,ติดจอง
Deville Groups,Charming House Poolvilla ( บ้านชาร์มมิ่ง ),DV-1608,พฤษภาคม 2569,2,ติดจอง
Deville Groups,Charming House Poolvilla ( บ้านชาร์มมิ่ง ),DV-1608,พฤษภาคม 2569,3,ติดจอง
Deville Groups,Charming House Poolvilla ( บ้านชาร์มมิ่ง ),DV-1608,พฤษภาคม 2569,4,ติดจอง
Deville Groups,Charming House Poolvilla ( บ้านชาร์มมิ่ง ),DV-1608,พฤษภาคม 2569,5,ติดจอง
Deville Groups,Charming House Poolvilla ( บ้านชาร์มมิ่ง ),DV-1608,พฤษภาคม 2569,6,ติดจอง
Deville Groups,Charming House Poolvilla ( บ้านชาร์มมิ่ง ),DV-1608,พฤษภาคม 2569,7,ติดจอง
Deville Groups,Charming House Poolvilla ( บ้านชาร์มมิ่ง ),DV-1608,พฤษภาคม 2569,8,ติดจอง
Deville Groups,Charming House Poolvilla ( บ้านชาร์มมิ่ง ),DV-1608,พฤษภาคม 2569,9,ติดจอง
Deville Groups,Charming House Poolvilla ( บ้านชาร์มมิ่ง ),DV-1608,พฤษภาคม 2569,10,ติดจอง
Deville Groups,Charming House Poolvilla ( บ้านชาร์มมิ่ง ),DV-1608,พฤษภาคม 2569,11,ติดจอง
Deville Groups,Charming House Poolvilla ( บ้านชาร์มมิ่ง ),DV-1608,พฤษภาคม 2569,12,ติดจอง
Deville Groups,Charming House Poolvilla ( บ้านชาร์มมิ่ง ),DV-1608,พฤษภาคม 2569,13,ติดจอง
Deville Groups,Charming House Poolvilla ( บ้านชาร์มมิ่ง ),DV-1608,พฤษภาคม 2569,14,ติดจอง
Deville Groups,Charming House Poolvilla ( บ้านชาร์มมิ่ง ),DV-1608,พฤษภาคม 2569,15,ติดจอง
Deville Groups,Charming House Poolvilla ( บ้านชาร์มมิ่ง ),DV-1608,พฤษภาคม 2569,16,ติดจอง
Deville Groups,Charming House Poolvilla ( บ้านชาร์มมิ่ง ),DV-1608,พฤษภาคม 2569,17,ติดจอง
Deville Groups,Charming House Poolvilla ( บ้านชาร์มมิ่ง ),DV-1608,พฤษภาคม 2569,18,ติดจอง
Deville Groups,Charming House Poolvilla ( บ้านชาร์มมิ่ง ),DV-1608,พฤษภาคม 2569,19,ติดจอง
Deville Groups,Charming House Poolvilla ( บ้านชาร์มมิ่ง ),DV-1608,พฤษภาคม 2569,20,ติดจอง
Deville Groups,Charming House Poolvilla ( บ้านชาร์มมิ่ง ),DV-1608,พฤษภาคม 2569,21,ติดจอง
Deville Groups,Charming House Poolvilla ( บ้านชาร์มมิ่ง ),DV-1608,พฤษภาคม 2569,22,ติดจอง
Deville Groups,Charming House Poolvilla ( บ้านชาร์มมิ่ง ),DV-1608,พฤษภาคม 2569,23,ติดจอง
Deville Groups,Charming House Poolvilla ( บ้านชาร์มมิ่ง ),DV-1608,พฤษภาคม 2569,24,ติดจอง
Deville Groups,Charming House Poolvilla ( บ้านชาร์มมิ่ง ),DV-1608,พฤษภาคม 2569,25,ติดจอง
Deville Groups,Charming House Poolvilla ( บ้านชาร์มมิ่ง ),DV-1608,พฤษภาคม 2569,26,ติดจอง
Deville Groups,Charming House Poolvilla ( บ้านชาร์มมิ่ง ),DV-1608,พฤษภาคม 2569,27,ติดจอง
Deville Groups,Charming House Poolvilla ( บ้านชาร์มมิ่ง ),DV-1608,พฤษภาคม 2569,28,ติดจอง
Deville Groups,Charming House Poolvilla ( บ้านชาร์มมิ่ง ),DV-1608,พฤษภาคม 2569,29,ติดจอง
Deville Groups,Charming House Poolvilla ( บ้านชาร์มมิ่ง ),DV-1608,พฤษภาคม 2569,30,ติดจอง
Deville Groups,Charming House Poolvilla ( บ้านชาร์มมิ่ง ),DV-1608,พฤษภาคม 2569,31,ติดจอง
Deville Groups,Lava House Poolvilla,DV-2390,มกราคม 2569,23,ติดจอง
Deville Groups,Lava House Poolvilla,DV-2390,มกราคม 2569,24,ติดจอง
Deville Groups,Lava House Poolvilla,DV-2390,มกราคม 2569,25,ติดจอง
Deville Groups,Lava House Poolvilla,DV-2390,มกราคม 2569,26,ติดจอง
Deville Groups,Lava House Poolvilla,DV-2390,มกราคม 2569,27,ติดจอง
Deville Groups,Lava House Poolvilla,DV-2390,มกราคม 2569,28,ติดจอง
Deville Groups,Lava House Poolvilla,DV-2390,มกราคม 2569,29,ติดจอง
Deville Groups,Lava House Poolvilla,DV-2390,มกราคม 2569,30,ติดจอง
Deville Groups,Lava House Poolvilla,DV-2390,มกราคม 2569,31,ติดจอง
Deville Groups,Lava House Poolvilla,DV-2390,กุมภาพันธ์ 2569,1,ติดจอง
Deville Groups,Lava House Poolvilla,DV-2390,กุมภาพันธ์ 2569,2,ติดจอง
Deville Groups,Lava House Poolvilla,DV-2390,กุมภาพันธ์ 2569,3,ติดจอง
Deville Groups,Lava House Poolvilla,DV-2390,กุมภาพันธ์ 2569,4,ติดจอง
Deville Groups,Lava House Poolvilla,DV-2390,กุมภาพันธ์ 2569,5,ติดจอง
Deville Groups,Lava House Poolvilla,DV-2390,กุมภาพันธ์ 2569,6,ติดจอง
Deville Groups,Lava House Poolvilla,DV-2390,กุมภาพันธ์ 2569,7,ติดจอง
Deville Groups,Lava House Poolvilla,DV-2390,กุมภาพันธ์ 2569,8,ติดจอง
Deville Groups,Lava House Poolvilla,DV-2390,กุมภาพันธ์ 2569,9,ติดจอง
Deville Groups,Lava House Poolvilla,DV-2390,กุมภาพันธ์ 2569,10,ติดจอง
Deville Groups,Lava House Poolvilla,DV-2390,กุมภาพันธ์ 2569,11,ติดจอง
Deville Groups,Lava House Poolvilla,DV-2390,กุมภาพันธ์ 2569,12,ติดจอง
Deville Groups,Magma House Poolvilla,DV-2434,มกราคม 2569,25,ติดจอง
Deville Groups,Magma House Poolvilla,DV-2434,มกราคม 2569,29,ติดจอง
Deville Groups,Magma House Poolvilla,DV-2434,กุมภาพันธ์ 2569,5,ติดจอง
Deville Groups,Magma House Poolvilla,DV-2434,กุมภาพันธ์ 2569,6,ติดจอง
Deville Groups,Magma House Poolvilla,DV-2434,กุมภาพันธ์ 2569,17,ติดจอง
Deville Groups,Luca House Poolvilla,DV-1429,มกราคม 2569,23,ติดจอง
Deville Groups,Luca House Poolvilla,DV-1429,มกราคม 2569,24,ติดจอง
Deville Groups,Luca House Poolvilla,DV-1429,มกราคม 2569,25,ติดจอง
Deville Groups,Luca House Poolvilla,DV-1429,มกราคม 2569,26,ติดจอง
Deville Groups,Luca House Poolvilla,DV-1429,มกราคม 2569,27,ติดจอง
Deville Groups,Luca House Poolvilla,DV-1429,มกราคม 2569,28,ติดจอง
Deville Groups,Luca House Poolvilla,DV-1429,มกราคม 2569,29,ติดจอง
Deville Groups,Luca House Poolvilla,DV-1429,มกราคม 2569,30,ติดจอง
Deville Groups,Luca House Poolvilla,DV-1429,มกราคม 2569,31,ติดจอง
Deville Groups,Luca House Poolvilla,DV-1429,กุมภาพันธ์ 2569,1,ติดจอง
Deville Groups,Luca House Poolvilla,DV-1429,กุมภาพันธ์ 2569,2,ติดจอง
Deville Groups,Luca House Poolvilla,DV-1429,กุมภาพันธ์ 2569,3,ติดจอง
Deville Groups,Luca House Poolvilla,DV-1429,กุมภาพันธ์ 2569,4,ติดจอง
Deville Groups,Luca House Poolvilla,DV-1429,กุมภาพันธ์ 2569,5,ติดจอง
Deville Groups,Luca House Poolvilla,DV-1429,กุมภาพันธ์ 2569,6,ติดจอง
Deville Groups,Luca House Poolvilla,DV-1429,กุมภาพันธ์ 2569,7,ติดจอง
Deville Groups,Luca House Poolvilla,DV-1429,กุมภาพันธ์ 2569,13,ติดจอง
Deville Groups,Luca House Poolvilla,DV-1429,กุมภาพันธ์ 2569,14,ติดจอง
Deville Groups,Luca House Poolvilla,DV-1429,กุมภาพันธ์ 2569,18,ติดจอง
Deville Groups,Luca House Poolvilla,DV-1429,มีนาคม 2569,5,ติดจอง
Deville Groups,Luca House Poolvilla,DV-1429,มีนาคม 2569,6,ติดจอง
Deville Groups,Luca House Poolvilla,DV-1429,มีนาคม 2569,7,ติดจอง
Deville Groups,Luca House Poolvilla,DV-1429,มีนาคม 2569,14,ติดจอง
Deville Groups,Luca House Poolvilla,DV-1429,มีนาคม 2569,26,ติดจอง
Deville Groups,Luca House Poolvilla,DV-1429,เมษายน 2569,8,ติดจอง
Deville Groups,Luca House Poolvilla,DV-1429,เมษายน 2569,9,ติดจอง
Deville Groups,Luca House Poolvilla,DV-1429,เมษายน 2569,10,ติดจอง
Deville Groups,Terra House Poolvilla,DV-1952,มกราคม 2569,24,ติดจอง
Deville Groups,Terra House Poolvilla,DV-1952,มกราคม 2569,25,ติดจอง
Deville Groups,Terra House Poolvilla,DV-1952,มกราคม 2569,26,ติดจอง
Deville Groups,Terra House Poolvilla,DV-1952,มกราคม 2569,27,ติดจอง
Deville Groups,Terra House Poolvilla,DV-1952,มกราคม 2569,28,ติดจอง
Deville Groups,Terra House Poolvilla,DV-1952,มกราคม 2569,29,ติดจอง
Deville Groups,Terra House Poolvilla,DV-1952,กุมภาพันธ์ 2569,13,ติดจอง
Deville Groups,Terra House Poolvilla,DV-1952,กุมภาพันธ์ 2569,16,ติดจอง
Deville Groups,Terra House Poolvilla,DV-1952,กุมภาพันธ์ 2569,27,ติดจอง
Deville Groups,Terra House Poolvilla,DV-1952,กุมภาพันธ์ 2569,28,ติดจอง
Deville Groups,Terra House Poolvilla,DV-1952,มีนาคม 2569,22,ติดจอง
Deville Groups,Terra House Poolvilla,DV-1952,มีนาคม 2569,23,ติดจอง
Deville Groups,Butter House Poolvilla (บัตเตอร์ เฮ้าส์),DV-1977,มกราคม 2569,23,ติดจอง
Deville Groups,Butter House Poolvilla (บัตเตอร์ เฮ้าส์),DV-1977,มกราคม 2569,24,ติดจอง
Deville Groups,Butter House Poolvilla (บัตเตอร์ เฮ้าส์),DV-1977,มกราคม 2569,25,ติดจอง
Deville Groups,Butter House Poolvilla (บัตเตอร์ เฮ้าส์),DV-1977,กุมภาพันธ์ 2569,3,ติดจอง
Deville Groups,Butter House Poolvilla (บัตเตอร์ เฮ้าส์),DV-1977,กุมภาพันธ์ 2569,5,ติดจอง
Deville Groups,Butter House Poolvilla (บัตเตอร์ เฮ้าส์),DV-1977,กุมภาพันธ์ 2569,7,ติดจอง
Deville Groups,Butter House Poolvilla (บัตเตอร์ เฮ้าส์),DV-1977,กุมภาพันธ์ 2569,8,ติดจอง
Deville Groups,Butter House Poolvilla (บัตเตอร์ เฮ้าส์),DV-1977,กุมภาพันธ์ 2569,13,ติดจอง
Deville Groups,Butter House Poolvilla (บัตเตอร์ เฮ้าส์),DV-1977,กุมภาพันธ์ 2569,21,ติดจอง
Deville Groups,Butter House Poolvilla (บัตเตอร์ เฮ้าส์),DV-1977,กุมภาพันธ์ 2569,23,ติดจอง
Deville Groups,Butter House Poolvilla (บัตเตอร์ เฮ้าส์),DV-1977,กุมภาพันธ์ 2569,27,ติดจอง
Deville Groups,Butter House Poolvilla (บัตเตอร์ เฮ้าส์),DV-1977,กุมภาพันธ์ 2569,28,ติดจอง
Deville Groups,Butter House Poolvilla (บัตเตอร์ เฮ้าส์),DV-1977,มีนาคม 2569,7,ติดจอง
Deville Groups,Butter House Poolvilla (บัตเตอร์ เฮ้าส์),DV-1977,มีนาคม 2569,14,ติดจอง
Deville Groups,Butter House Poolvilla (บัตเตอร์ เฮ้าส์),DV-1977,มีนาคม 2569,21,ติดจอง
Deville Groups,Butter House Poolvilla (บัตเตอร์ เฮ้าส์),DV-1977,เมษายน 2569,4,ติดจอง
Deville Groups,Butter House Poolvilla (บัตเตอร์ เฮ้าส์),DV-1977,เมษายน 2569,9,ติดจอง
Deville Groups,Walnut House Poolvilla,DV-1981,กุมภาพันธ์ 2569,2,ติดจอง
Deville Groups,Walnut House Poolvilla,DV-1981,กุมภาพันธ์ 2569,27,ติดจอง
Deville Groups,Thunder House Poolvilla,DV-2767,มกราคม 2569,23,ติดจอง
Deville Groups,Thunder House Poolvilla,DV-2767,มกราคม 2569,24,ติดจอง
Deville Groups,Thunder House Poolvilla,DV-2767,มกราคม 2569,25,ติดจอง
Deville Groups,Thunder House Poolvilla,DV-2767,มกราคม 2569,26,ติดจอง
Deville Groups,Thunder House Poolvilla,DV-2767,มกราคม 2569,29,ติดจอง
Deville Groups,Thunder House Poolvilla,DV-2767,มกราคม 2569,30,ติดจอง
Deville Groups,Thunder House Poolvilla,DV-2767,มกราคม 2569,31,ติดจอง
Deville Groups,Thunder House Poolvilla,DV-2767,กุมภาพันธ์ 2569,4,ติดจอง
Deville Groups,Thunder House Poolvilla,DV-2767,กุมภาพันธ์ 2569,6,ติดจอง
Deville Groups,Thunder House Poolvilla,DV-2767,กุมภาพันธ์ 2569,20,ติดจอง
Deville Groups,Thunder House Poolvilla,DV-2767,กุมภาพันธ์ 2569,21,ติดจอง
Deville Groups,Thunder House Poolvilla,DV-2767,มีนาคม 2569,2,ติดจอง
Deville Groups,Thunder House Poolvilla,DV-2767,มีนาคม 2569,17,ติดจอง
Deville Groups,Thunder House Poolvilla,DV-2767,มีนาคม 2569,18,ติดจอง
Deville Groups,Thunder House Poolvilla,DV-2767,เมษายน 2569,7,ติดจอง
Deville Groups,Thunder House Poolvilla,DV-2767,เมษายน 2569,8,ติดจอง
Deville Groups,Thunder House Poolvilla,DV-2767,พฤษภาคม 2569,4,ติดจอง
Deville Groups,Thunder House Poolvilla,DV-2767,พฤษภาคม 2569,5,ติดจอง
